speaker_slug,speaker_name,profile_path,profile_status,source_status,reference_review_status,source_audio,source_url,reference_audio,reference_exists,reference_duration_seconds,max_reference_seconds,declared_reference_duration_seconds,declared_duration_delta_seconds,reference_sha_status,reference_sha256,actual_reference_sha256,reference_text_word_count,risk_flags,warnings,profile_gate
alessio_bucci,Alessio Bucci,C:\Users\cogpsy-vrlab\Documents\GitHub\ALIUS-bulletin\AudioTranscription\profiles\alessio_bucci.json,candidate_ready,downloaded_reference_candidate,asr_spotcheck_passed,AudioTranscription/sources/raw/alessio_bucci/f_5MoCn8rXA.webm,https://www.youtube.com/watch?v=f_5MoCn8rXA,AudioTranscription/references/alessio_bucci/alessio_bucci_youtube_f_5MoCn8rXA_ref_v3.wav,yes,8.850,11.500,8.85,0.000,ok,F8DD995025B04FC047662C888F4FE86BB6FFB97A3384B3D3ECB9CFF92F60E177,F8DD995025B04FC047662C888F4FE86BB6FFB97A3384B3D3ECB9CFF92F60E177,27,,source_audio_missing,warn
alexandra_mikhailova,Alexandra Mikhailova,C:\Users\cogpsy-vrlab\Documents\GitHub\ALIUS-bulletin\AudioTranscription\profiles\alexandra_mikhailova.json,candidate_ready,downloaded_reference_candidate,asr_spotcheck_passed_caption_window_verified_needs_listening_review,AudioTranscription/references/alexandra_mikhailova/alexandra_mikhailova_youtube_mz7L4GD5g-E_source_section.webm,https://www.youtube.com/watch?v=mz7L4GD5g-E,AudioTranscription/references/alexandra_mikhailova/alexandra_mikhailova_youtube_mz7L4GD5g-E_ref_v3.wav,yes,9.440,11.500,9.44,0.000,ok,02C8283FB74758EFF255ABB5681386C217B279C60118EE7030902D31EB5488F7,02C8283FB74758EFF255ABB5681386C217B279C60118EE7030902D31EB5488F7,14,,,pass
andrea_ciaunica,Anna Ciaunica,C:\Users\cogpsy-vrlab\Documents\GitHub\ALIUS-bulletin\AudioTranscription\profiles\andrea_ciaunica.json,candidate_ready,downloaded_reference_candidate,asr_spotcheck_passed,AudioTranscription/sources/raw/andrea_ciaunica/what-is-it-like-to-be-in-early-sensory-life-anna-ciaunica.mp3,,AudioTranscription/references/andrea_ciaunica/andrea_ciaunica_youtube_what-is-it-like-to-be-in-early-sensory-life-anna-ciaunica_ref_v2.wav,yes,9.850,11.500,9.85,0.000,ok,79EFCD09250811374758CA74613CB22A2A1C00D51FC7144382714716017EF62A,79EFCD09250811374758CA74613CB22A2A1C00D51FC7144382714716017EF62A,16,,source_audio_missing,warn
ann_taves,Ann Taves,C:\Users\cogpsy-vrlab\Documents\GitHub\ALIUS-bulletin\AudioTranscription\profiles\ann_taves.json,candidate_ready,downloaded_reference_candidate,asr_spotcheck_passed,AudioTranscription/sources/raw/ann_taves/3V1I2C6rTzM.webm,https://www.youtube.com/watch?v=3V1I2C6rTzM,AudioTranscription/references/ann_taves/ann_taves_youtube_3V1I2C6rTzM_ref_v4.wav,yes,8.900,11.500,8.9,0.000,ok,0C5824F301F94040089C1CB16B3B190AE1FEE229102BA0D930F69642F4A83501,0C5824F301F94040089C1CB16B3B190AE1FEE229102BA0D930F69642F4A83501,19,,source_audio_missing,warn
arnaud_halloy,Arnaud Halloy,C:\Users\cogpsy-vrlab\Documents\GitHub\ALIUS-bulletin\AudioTranscription\profiles\arnaud_halloy.json,candidate_ready,downloaded_reference_candidate,asr_spotcheck_passed_f5_smoke_passed_needs_full_render_review,AudioTranscription/sources/raw/arnaud_halloy/l-hypothese-des-1.m4a,https://www.canal-u.tv/chaines/mshs-sud-est/jecis-journees-d-etudes-cognition-information-et-societe-2023/l-hypothese-des,AudioTranscription/references/arnaud_halloy/arnaud_halloy_youtube_l-hypothese-des-1_ref_v5.wav,yes,8.450,11.500,8.45,0.000,ok,27CB32241F0AC8B5442579AC9F8225430CF2857A11D45CEFA5215F045861861C,27CB32241F0AC8B5442579AC9F8225430CF2857A11D45CEFA5215F045861861C,24,,source_audio_missing,warn
benjamin_baird,Benjamin Baird,C:\Users\cogpsy-vrlab\Documents\GitHub\ALIUS-bulletin\AudioTranscription\profiles\benjamin_baird.json,candidate_ready,downloaded_reference_candidate,asr_spotcheck_passed,AudioTranscription/sources/raw/benjamin_baird/uDYBXj_wv78.webm,https://www.youtube.com/watch?v=uDYBXj_wv78,AudioTranscription/references/benjamin_baird/benjamin_baird_youtube_uDYBXj_wv78_ref_v4.wav,yes,8.800,11.500,8.8,0.000,ok,A33B8CA63F13BEB46320E85F85C8D0E6AE0AAC485316DB131E4DA01CCA37FADA,A33B8CA63F13BEB46320E85F85C8D0E6AE0AAC485316DB131E4DA01CCA37FADA,23,,source_audio_missing,warn
bigna_lenggenhager,Bigna Lenggenhager,C:\Users\cogpsy-vrlab\Documents\GitHub\ALIUS-bulletin\AudioTranscription\profiles\bigna_lenggenhager.json,candidate_ready,downloaded_reference_candidate,asr_spotcheck_passed,AudioTranscription/sources/raw/bigna_lenggenhager/-a4i46lp3Nk.webm,https://www.youtube.com/watch?v=-a4i46lp3Nk,AudioTranscription/references/bigna_lenggenhager/bigna_lenggenhager_youtube_-a4i46lp3Nk_ref_v2.wav,yes,11.350,11.500,11.35,0.000,ok,0390A6B46617B7ABCD54E6B2B388775A266C42D7A014FBBFEB0574CEB103C6F6,0390A6B46617B7ABCD54E6B2B388775A266C42D7A014FBBFEB0574CEB103C6F6,29,,source_audio_missing,warn
brittany_fleig_goldstein,Brendan Fleig-Goldstein,C:\Users\cogpsy-vrlab\Documents\GitHub\ALIUS-bulletin\AudioTranscription\profiles\brittany_fleig_goldstein.json,candidate_ready,downloaded_reference_candidate,asr_spotcheck_passed_needs_listening_review,AudioTranscription/sources/raw/brittany_fleig_goldstein/joyEOh8vq9s.webm,https://www.youtube.com/watch?v=joyEOh8vq9s,AudioTranscription/references/brittany_fleig_goldstein/brittany_fleig_goldstein_youtube_joyEOh8vq9s_ref_v2.wav,yes,7.850,11.500,7.85,0.000,ok,29781CB8D61E4E9AB3ACA3B08566F8D2AF1848B32791E01ED2C4E3B005FAD2DE,29781CB8D61E4E9AB3ACA3B08566F8D2AF1848B32791E01ED2C4E3B005FAD2DE,18,,source_audio_missing,warn
carlota_serrahima,Carlota Serrahima,C:\Users\cogpsy-vrlab\Documents\GitHub\ALIUS-bulletin\AudioTranscription\profiles\carlota_serrahima.json,candidate_ready,downloaded_reference_candidate,asr_spotcheck_passed,AudioTranscription/sources/raw/carlota_serrahima/0Dgc_oCSOeI.m4a,https://www.youtube.com/watch?v=0Dgc_oCSOeI,AudioTranscription/references/carlota_serrahima/carlota_serrahima_youtube_0Dgc_oCSOeI_ref_v2.wav,yes,8.950,11.500,8.95,0.000,ok,1843E6B18E2BA300F41BB1C2D1621D93EFA2C421BA3CEB9B5CC7A54672915FA0,1843E6B18E2BA300F41BB1C2D1621D93EFA2C421BA3CEB9B5CC7A54672915FA0,22,,source_audio_missing,warn
charlotte_martial,Charlotte Martial,C:\Users\cogpsy-vrlab\Documents\GitHub\ALIUS-bulletin\AudioTranscription\profiles\charlotte_martial.json,candidate_ready,downloaded_reference_candidate,asr_spotcheck_passed,AudioTranscription/sources/raw/charlotte_martial/PofqcPLOPIE.webm,https://www.youtube.com/watch?v=PofqcPLOPIE,AudioTranscription/references/charlotte_martial/charlotte_martial_youtube_PofqcPLOPIE_ref_v2.wav,yes,7.300,11.500,7.3,0.000,ok,36385CEE48434962C200F968986EA103642EB40D36D1ED870AE927B20941E64D,36385CEE48434962C200F968986EA103642EB40D36D1ED870AE927B20941E64D,19,,source_audio_missing,warn
christopher_timmermann,Christopher Timmermann,C:\Users\cogpsy-vrlab\Documents\GitHub\ALIUS-bulletin\AudioTranscription\profiles\christopher_timmermann.json,candidate_ready,downloaded_reference_candidate,asr_spotcheck_passed,AudioTranscription/sources/raw/christopher_timmermann/N-GBRdN1DdM.webm,https://www.youtube.com/watch?v=N-GBRdN1DdM,AudioTranscription/references/christopher_timmermann/christopher_timmermann_youtube_N-GBRdN1DdM_ref_v2.wav,yes,9.800,11.500,9.8,0.000,ok,7DB5817002174600D366CE8C90A10ECED478A2B3D9D353BCB8A3EED4BAC5B8BF,7DB5817002174600D366CE8C90A10ECED478A2B3D9D353BCB8A3EED4BAC5B8BF,28,,source_audio_missing,warn
cordelia_erickson_davis,Cordelia Erickson-Davis,C:\Users\cogpsy-vrlab\Documents\GitHub\ALIUS-bulletin\AudioTranscription\profiles\cordelia_erickson_davis.json,candidate_ready,kokoro_fallback_reference_generated,kokoro_fallback_generated_not_real_voice_clone,AudioTranscription/references/fallback/cordelia_erickson_davis/cordelia_erickson_davis_kokoro_af_aoede_ref.wav,,AudioTranscription/references/fallback/cordelia_erickson_davis/cordelia_erickson_davis_kokoro_af_aoede_ref.wav,yes,8.533,11.500,8.533,0.000,ok,AF976A094E0E755C698F85F68B5F0F8EF6DEBCF90112B253C02BFBC962D91AAF,AF976A094E0E755C698F85F68B5F0F8EF6DEBCF90112B253C02BFBC962D91AAF,15,,reference_needs_asr_or_listening_review,warn
daniel_a_friedman,Daniel A. Friedman,C:\Users\cogpsy-vrlab\Documents\GitHub\ALIUS-bulletin\AudioTranscription\profiles\daniel_a_friedman.json,candidate_ready,downloaded_reference_candidate,asr_spotcheck_passed,AudioTranscription/sources/raw/daniel_a_friedman/yHnm-zMqLvY.webm,https://www.youtube.com/watch?v=yHnm-zMqLvY,AudioTranscription/references/daniel_a_friedman/daniel_a_friedman_youtube_yHnm-zMqLvY_ref_v2.wav,yes,9.760,11.500,9.76,0.000,ok,53342F02624C979210A8485CAF36C3D7B3A0C8B7EF44B43EB2C14FCFCD0C3E74,53342F02624C979210A8485CAF36C3D7B3A0C8B7EF44B43EB2C14FCFCD0C3E74,27,,source_audio_missing,warn
daniel_dennett,Daniel Dennett,C:\Users\cogpsy-vrlab\Documents\GitHub\ALIUS-bulletin\AudioTranscription\profiles\daniel_dennett.json,candidate_ready,downloaded_reference_candidate,asr_spotcheck_passed_needs_listening_review,AudioTranscription/sources/raw/daniel_dennett/KOApAHhKCxQ.webm,https://www.youtube.com/watch?v=KOApAHhKCxQ,AudioTranscription/references/daniel_dennett/daniel_dennett_youtube_KOApAHhKCxQ_ref_v3.wav,yes,8.450,11.500,8.45,0.000,ok,0E943FFACCFC9C5E4CBE49A30C33B50093B23BB53371DDCF001607B8ADA4B940,0E943FFACCFC9C5E4CBE49A30C33B50093B23BB53371DDCF001607B8ADA4B940,24,,source_audio_missing,warn
david_b_yaden,David B. Yaden,C:\Users\cogpsy-vrlab\Documents\GitHub\ALIUS-bulletin\AudioTranscription\profiles\david_b_yaden.json,candidate_ready,downloaded_reference_candidate,asr_spotcheck_passed,AudioTranscription/sources/raw/david_b_yaden/XMQ9eUFj97U.webm,https://www.youtube.com/watch?v=XMQ9eUFj97U,AudioTranscription/references/david_b_yaden/david_b_yaden_youtube_XMQ9eUFj97U_ref_v2.wav,yes,10.480,11.500,10.48,0.000,ok,7A1450689EF575D3277828EEE5B6116A01BEB92800214AE35279C4F66B016246,7A1450689EF575D3277828EEE5B6116A01BEB92800214AE35279C4F66B016246,22,,source_audio_missing,warn
david_e_nichols,David E. Nichols,C:\Users\cogpsy-vrlab\Documents\GitHub\ALIUS-bulletin\AudioTranscription\profiles\david_e_nichols.json,candidate_ready,downloaded_reference_candidate,asr_spotcheck_passed,AudioTranscription/sources/raw/david_e_nichols/RlDCM5JQzRk.webm,https://www.youtube.com/watch?v=RlDCM5JQzRk,AudioTranscription/references/david_e_nichols/david_e_nichols_youtube_RlDCM5JQzRk_ref_v2.wav,yes,10.150,11.500,10.15,0.000,ok,6EBA7C20C766EE47F26D5686A43AFAFAB4D12A5F5C23DE666CD73EA6E2FCC051,6EBA7C20C766EE47F26D5686A43AFAFAB4D12A5F5C23DE666CD73EA6E2FCC051,39,,source_audio_missing,warn
david_e_olson,David E. Olson,C:\Users\cogpsy-vrlab\Documents\GitHub\ALIUS-bulletin\AudioTranscription\profiles\david_e_olson.json,candidate_ready,downloaded_reference_candidate,asr_spotcheck_passed,AudioTranscription/sources/raw/david_e_olson/3wmfVcvZn_0.webm,https://www.youtube.com/watch?v=3wmfVcvZn_0,AudioTranscription/references/david_e_olson/david_e_olson_youtube_3wmfVcvZn_0_ref_v3.wav,yes,6.800,11.500,6.8,0.000,ok,0736EDDC00FF70735ADA0FC24A6A243D4D2BF34FFF979243627905FBA1713AE5,0736EDDC00FF70735ADA0FC24A6A243D4D2BF34FFF979243627905FBA1713AE5,19,,source_audio_missing,warn
edvard_aviles,Edvard Aviles,C:\Users\cogpsy-vrlab\Documents\GitHub\ALIUS-bulletin\AudioTranscription\profiles\edvard_aviles.json,candidate_ready,downloaded_reference_candidate,asr_spotcheck_passed,AudioTranscription/sources/raw/edvard_aviles/edvard_aviles_educast_segment_900s.m4a,https://educast.pucp.edu.pe/video/7763/xii_simposio_de_estudiantes_de_filosofia_de_la_pucp__parte_4,AudioTranscription/references/edvard_aviles/edvard_aviles_educast_segment_900s_ref_v3.wav,yes,9.800,11.500,9.800042,0.000,ok,4EAF5EEF09059122CB9AD9F2E38CF7735CD18C1D0535FA1795E3D3B5E1FED989,4EAF5EEF09059122CB9AD9F2E38CF7735CD18C1D0535FA1795E3D3B5E1FED989,17,,source_audio_missing,warn
frederique_de_vignemont,Frederique de Vignemont,C:\Users\cogpsy-vrlab\Documents\GitHub\ALIUS-bulletin\AudioTranscription\profiles\frederique_de_vignemont.json,candidate_ready,downloaded_reference_candidate,asr_spotcheck_passed,AudioTranscription/sources/raw/frederique_de_vignemont/W8IZ9Q1Ihe4.m4a,https://www.youtube.com/watch?v=W8IZ9Q1Ihe4,AudioTranscription/references/frederique_de_vignemont/frederique_de_vignemont_youtube_W8IZ9Q1Ihe4_ref_v2.wav,yes,11.200,11.500,11.2,0.000,ok,1ADCD0516BC79AD0813C8F9B4ED80B1E2710426A5F0B26E7F1F60125A71E8FA1,1ADCD0516BC79AD0813C8F9B4ED80B1E2710426A5F0B26E7F1F60125A71E8FA1,26,,source_audio_missing,warn
george_fejer,George Fejer,C:\Users\cogpsy-vrlab\Documents\GitHub\ALIUS-bulletin\AudioTranscription\profiles\george_fejer.json,candidate_ready,downloaded_reference_candidate,asr_spotcheck_passed,AudioTranscription/sources/raw/george_fejer/Qm-lmC-xYCI.webm,https://www.youtube.com/watch?v=Qm-lmC-xYCI,AudioTranscription/references/george_fejer/george_fejer_youtube_Qm-lmC-xYCI_ref_v2.wav,yes,10.870,11.500,10.87,0.000,ok,D8BC9A85CA68952D76CF7574925B5DDFA7AE78B689865F77DBD38F9FB7B39EE8,D8BC9A85CA68952D76CF7574925B5DDFA7AE78B689865F77DBD38F9FB7B39EE8,21,,,pass
guillaume_dumas,Guillaume Dumas,C:\Users\cogpsy-vrlab\Documents\GitHub\ALIUS-bulletin\AudioTranscription\profiles\guillaume_dumas.json,candidate_ready,downloaded_reference_candidate,asr_spotcheck_passed,AudioTranscription/sources/raw/guillaume_dumas/bZdhwsRoz54.webm,https://www.youtube.com/watch?v=bZdhwsRoz54,AudioTranscription/references/guillaume_dumas/guillaume_dumas_youtube_bZdhwsRoz54_ref_v2.wav,yes,9.200,11.500,9.2,0.000,ok,E385B856C08270AD84D46858D86FE4A44A3348EE1B12F252AC34E9A4C087B60E,E385B856C08270AD84D46858D86FE4A44A3348EE1B12F252AC34E9A4C087B60E,22,,source_audio_missing,warn
jakob_hohwy,Jakob Hohwy,C:\Users\cogpsy-vrlab\Documents\GitHub\ALIUS-bulletin\AudioTranscription\profiles\jakob_hohwy.json,candidate_ready,downloaded_reference_candidate,asr_spotcheck_passed_needs_listening_review,AudioTranscription/sources/raw/jakob_hohwy/rW3zKigrTD0.webm,https://www.youtube.com/watch?v=rW3zKigrTD0,AudioTranscription/references/jakob_hohwy/jakob_hohwy_youtube_rW3zKigrTD0_ref_v2.wav,yes,6.400,11.500,6.4,0.000,ok,EBBD51D20A47E223A3E686C830C5398A02C0802BEE4D12057946315474CA8264,EBBD51D20A47E223A3E686C830C5398A02C0802BEE4D12057946315474CA8264,23,,source_audio_missing,warn
jakub_limanowski,Jakub Limanowski,C:\Users\cogpsy-vrlab\Documents\GitHub\ALIUS-bulletin\AudioTranscription\profiles\jakub_limanowski.json,candidate_ready,downloaded_reference_candidate,asr_spotcheck_passed,AudioTranscription/sources/raw/jakub_limanowski/E31_Biologische_Psychologie_Podcast.mp3,https://verein-radio98eins.de/wp-content/uploads/2024/07/E31_Biologische%20Psychologie_Podcast.mp3,AudioTranscription/references/jakub_limanowski/jakub_limanowski_youtube_E31_Biologische_Psychologie_Podcast_ref_v2.wav,yes,6.050,11.500,6.05,0.000,ok,B95A81D4E6319EEBFBFFF858E286834D02075CFB79413E8B087F52190EF8D066,B95A81D4E6319EEBFBFFF858E286834D02075CFB79413E8B087F52190EF8D066,14,,source_audio_missing,warn
jasmine_t_ho,Jasmine T. Ho,C:\Users\cogpsy-vrlab\Documents\GitHub\ALIUS-bulletin\AudioTranscription\profiles\jasmine_t_ho.json,candidate_ready,downloaded_reference_candidate,asr_spotcheck_passed_caption_window_verified_needs_listening_review,AudioTranscription/sources/raw/jasmine_t_ho/srf_einstein_jasmine_36m48_36m57.mp4,https://www.srf.ch/play/tv/-/video/-?urn=urn:srf:video:28f4c73e-4cbd-46de-a985-1e367a35f314,AudioTranscription/references/jasmine_t_ho/jasmine_t_ho_srf_einstein_wie_rassismus_entsteht_ref_v2.wav,yes,8.400,11.500,8.4,0.000,ok,BA0053873CC5E84C3E2D74B7242A78C24F03EDF840565F15E63652BD7306518B,BA0053873CC5E84C3E2D74B7242A78C24F03EDF840565F15E63652BD7306518B,22,,source_audio_missing,warn
jean_pierre_changeux,Jean-Pierre Changeux,C:\Users\cogpsy-vrlab\Documents\GitHub\ALIUS-bulletin\AudioTranscription\profiles\jean_pierre_changeux.json,candidate_ready,downloaded_reference_candidate,asr_spotcheck_passed,AudioTranscription/sources/raw/jean_pierre_changeux/8yWmxcRkZz0.m4a.part,https://www.youtube.com/watch?v=8yWmxcRkZz0,AudioTranscription/references/jean_pierre_changeux/jean_pierre_changeux_youtube_8yWmxcRkZz0_ref_v2.wav,yes,8.600,11.500,8.6,0.000,ok,FA967EE8D6137097CBABD3CD4CBE2C72FAA0057A7CD6FC7B518B81934BB3F455,FA967EE8D6137097CBABD3CD4CBE2C72FAA0057A7CD6FC7B518B81934BB3F455,21,,source_audio_missing,warn
jean_remi_martin,Jean-Remi Martin,C:\Users\cogpsy-vrlab\Documents\GitHub\ALIUS-bulletin\AudioTranscription\profiles\jean_remi_martin.json,candidate_ready,downloaded_reference_candidate,asr_spotcheck_passed_needs_listening_review,AudioTranscription/references/jean_remi_martin/jean_remi_martin_canal_u_102973_source_section.wav,https://www.canal-u.tv/chaines/clermontmsh/colloque-situations-extremes-et-resilience/les-paradoxes-de-la-peur-panique-des,AudioTranscription/references/jean_remi_martin/jean_remi_martin_canal_u_102973_ref_v1.wav,yes,10.920,11.500,10.92,0.000,ok,8D3D4F03832F017E61E11F93B8C2FB98B6AF2315D8C2DA31E7163EE91C2DD57F,8D3D4F03832F017E61E11F93B8C2FB98B6AF2315D8C2DA31E7163EE91C2DD57F,41,,,pass
jennifer_windt,Jennifer Windt,C:\Users\cogpsy-vrlab\Documents\GitHub\ALIUS-bulletin\AudioTranscription\profiles\jennifer_windt.json,candidate_ready,downloaded_reference_candidate,asr_spotcheck_passed,AudioTranscription/sources/raw/jennifer_windt/pYZ67vg0FlY.webm,https://www.youtube.com/watch?v=pYZ67vg0FlY,AudioTranscription/references/jennifer_windt/jennifer_windt_youtube_pYZ67vg0FlY_ref_v2.wav,yes,8.100,11.500,8.1,0.000,ok,EE558AECEFC670416423957809E65BE90EBFB0E00CCA95E43092D88A33380AF0,EE558AECEFC670416423957809E65BE90EBFB0E00CCA95E43092D88A33380AF0,21,,source_audio_missing,warn
jeremy_skipper,Jeremy Skipper,C:\Users\cogpsy-vrlab\Documents\GitHub\ALIUS-bulletin\AudioTranscription\profiles\jeremy_skipper.json,candidate_ready,downloaded_reference_candidate,asr_spotcheck_passed,AudioTranscription/sources/raw/jeremy_skipper/3TjvrdhRqJg.webm,https://www.youtube.com/watch?v=3TjvrdhRqJg,AudioTranscription/references/jeremy_skipper/jeremy_skipper_youtube_3TjvrdhRqJg_ref_v3.wav,yes,6.500,11.500,6.5,0.000,ok,F7B433E292EC2D390DC48667214ABC62EEB5218A7B36291F243ECB03341186F9,F7B433E292EC2D390DC48667214ABC62EEB5218A7B36291F243ECB03341186F9,15,,source_audio_missing,warn
juan_gonzalez,Juan Gonzalez,C:\Users\cogpsy-vrlab\Documents\GitHub\ALIUS-bulletin\AudioTranscription\profiles\juan_gonzalez.json,candidate_ready,downloaded_reference_candidate,asr_spotcheck_passed,AudioTranscription/sources/raw/juan_gonzalez/an-interdisciplinary-journey-into-consciousness-research-juan-gonzalez.mp3,,AudioTranscription/references/juan_gonzalez/juan_gonzalez_interdisciplinary_journey_ref_v2.wav,yes,7.200,11.500,7.2,0.000,ok,B340484E70D571212C1232F632429A42095ED6B64767D53123FA30C2EFCEAA42,B340484E70D571212C1232F632429A42095ED6B64767D53123FA30C2EFCEAA42,14,,source_audio_missing,warn
karl_friston,Karl Friston,C:\Users\cogpsy-vrlab\Documents\GitHub\ALIUS-bulletin\AudioTranscription\profiles\karl_friston.json,candidate_ready,downloaded_reference_candidate,asr_spotcheck_passed_needs_listening_review,AudioTranscription/sources/raw/karl_friston/NwzuibY5kUs.webm,https://www.youtube.com/watch?v=NwzuibY5kUs,AudioTranscription/references/karl_friston/karl_friston_youtube_NwzuibY5kUs_ref_v2.wav,yes,10.000,11.500,10.0,0.000,ok,603BB1331B677F1C82B8C4FBCB1638D4E80A2828ED0A726CAF55B178F01EB838,603BB1331B677F1C82B8C4FBCB1638D4E80A2828ED0A726CAF55B178F01EB838,11,,source_audio_missing,warn
katrin_preller,Katrin Preller,C:\Users\cogpsy-vrlab\Documents\GitHub\ALIUS-bulletin\AudioTranscription\profiles\katrin_preller.json,candidate_ready,downloaded_reference_candidate,asr_spotcheck_passed,AudioTranscription/sources/raw/katrin_preller/t9KMDg_ZGyg.webm,https://www.youtube.com/watch?v=t9KMDg_ZGyg,AudioTranscription/references/katrin_preller/katrin_preller_youtube_t9KMDg_ZGyg_ref_v4.wav,yes,11.350,11.500,11.35,0.000,ok,71E7806851B1C5C25482A09824A2CBF81BB9DB910884373D689B0E9821BA3C97,71E7806851B1C5C25482A09824A2CBF81BB9DB910884373D689B0E9821BA3C97,20,,source_audio_missing,warn
kevin_oregan,Kevin O'Regan,C:\Users\cogpsy-vrlab\Documents\GitHub\ALIUS-bulletin\AudioTranscription\profiles\kevin_oregan.json,candidate_ready,downloaded_reference_candidate,asr_spotcheck_passed,AudioTranscription/sources/raw/kevin_oregan/8c-qbGgEAEI.webm,https://www.youtube.com/watch?v=8c-qbGgEAEI,AudioTranscription/references/kevin_oregan/kevin_oregan_youtube_8c-qbGgEAEI_ref_v2.wav,yes,10.350,11.500,10.35,0.000,ok,3FBAF164319F0AF4AEF4381DDE8A979715A202F0FD8AF49AA040DD9F6E1AA51F,3FBAF164319F0AF4AEF4381DDE8A979715A202F0FD8AF49AA040DD9F6E1AA51F,21,,source_audio_missing,warn
kieran_fox,Kieran Fox,C:\Users\cogpsy-vrlab\Documents\GitHub\ALIUS-bulletin\AudioTranscription\profiles\kieran_fox.json,candidate_ready,downloaded_reference_candidate,asr_spotcheck_passed_needs_listening_review,AudioTranscription/sources/raw/kieran_fox/CUV7R14CJW0.webm,https://www.youtube.com/watch?v=CUV7R14CJW0,AudioTranscription/references/kieran_fox/kieran_fox_youtube_CUV7R14CJW0_ref_v2.wav,yes,8.200,11.500,8.2,0.000,ok,929440C72A3D2DFD5EFD08A5EA971B5F19152F2393F85B6E4F8072B71FC57F38,929440C72A3D2DFD5EFD08A5EA971B5F19152F2393F85B6E4F8072B71FC57F38,25,,source_audio_missing,warn
leor_roseman,Leor Roseman,C:\Users\cogpsy-vrlab\Documents\GitHub\ALIUS-bulletin\AudioTranscription\profiles\leor_roseman.json,candidate_ready,downloaded_reference_candidate,asr_spotcheck_passed,AudioTranscription/sources/raw/leor_roseman/nvn0qhD3vB4.webm,https://www.youtube.com/watch?v=nvn0qhD3vB4,AudioTranscription/references/leor_roseman/leor_roseman_youtube_nvn0qhD3vB4_ref_v3.wav,yes,7.650,11.500,7.65,0.000,ok,AB638AFDB6AA02301BCAB144D7CE891CE188E843FADBABB008A589EF198EAB7D,AB638AFDB6AA02301BCAB144D7CE891CE188E843FADBABB008A589EF198EAB7D,23,,source_audio_missing,warn
maddalena_canna,Maddalena Canna,C:\Users\cogpsy-vrlab\Documents\GitHub\ALIUS-bulletin\AudioTranscription\profiles\maddalena_canna.json,candidate_ready,downloaded_reference_candidate,asr_spotcheck_passed,AudioTranscription/sources/raw/maddalena_canna/_GkB6Uz-pV0_canna_720_738.m4a,https://www.youtube.com/watch?v=_GkB6Uz-pV0,AudioTranscription/references/maddalena_canna/maddalena_canna_youtube__GkB6Uz-pV0_ref_v5.wav,yes,9.200,11.500,9.2,0.000,ok,8B30904369F612F1F5BBF6115F9A2425546C3EEB687F21042FB382A78A98DFAB,8B30904369F612F1F5BBF6115F9A2425546C3EEB687F21042FB382A78A98DFAB,15,,source_audio_missing,warn
manoj_doss,Manoj Doss,C:\Users\cogpsy-vrlab\Documents\GitHub\ALIUS-bulletin\AudioTranscription\profiles\manoj_doss.json,candidate_ready,downloaded_reference_candidate,asr_spotcheck_passed,AudioTranscription/sources/raw/manoj_doss/CGuJIMjlvz4.webm,https://www.youtube.com/watch?v=CGuJIMjlvz4,AudioTranscription/references/manoj_doss/manoj_doss_youtube_CGuJIMjlvz4_ref_v2.wav,yes,9.720,11.500,9.72,0.000,ok,E426115738E7E65FAB13C30D7B0F2A3675E8BF3E842ECE1D80EA7E7A870F5F8C,E426115738E7E65FAB13C30D7B0F2A3675E8BF3E842ECE1D80EA7E7A870F5F8C,28,,source_audio_missing,warn
martin_fortier,Martin Fortier,C:\Users\cogpsy-vrlab\Documents\GitHub\ALIUS-bulletin\AudioTranscription\profiles\martin_fortier.json,candidate_ready,downloaded_reference_candidate,asr_spotcheck_passed_needs_listening_review,AudioTranscription/sources/raw/martin_fortier/_irgS0b1q1c.webm,https://www.youtube.com/watch?v=_irgS0b1q1c,AudioTranscription/references/martin_fortier/martin_fortier_youtube_irgS0b1q1c_ref_v6.wav,yes,7.250,11.500,7.25,0.000,ok,8AF1ED72991F147F77003154763A24C5656DE0C280C8FA7DFF0E9EF3BFED93AE,8AF1ED72991F147F77003154763A24C5656DE0C280C8FA7DFF0E9EF3BFED93AE,17,,source_audio_missing,warn
mathieu_frerejouan,Mathieu Frerejouan,C:\Users\cogpsy-vrlab\Documents\GitHub\ALIUS-bulletin\AudioTranscription\profiles\mathieu_frerejouan.json,candidate_ready,downloaded_reference_candidate,asr_spotcheck_passed_needs_listening_review,AudioTranscription/sources/raw/mathieu_frerejouan/YBsR4MVpT4I.webm,https://www.youtube.com/watch?v=YBsR4MVpT4I,AudioTranscription/references/mathieu_frerejouan/mathieu_frerejouan_youtube_YBsR4MVpT4I_ref_v3.wav,yes,8.200,11.500,8.2,0.000,ok,78D97EEA7C50013F91E9E3E1A3BCEC64C81E90715B73076AC559104C0B2DB61A,78D97EEA7C50013F91E9E3E1A3BCEC64C81E90715B73076AC559104C0B2DB61A,26,,source_audio_missing,warn
matthew_ratcliffe,Matthew Ratcliffe,C:\Users\cogpsy-vrlab\Documents\GitHub\ALIUS-bulletin\AudioTranscription\profiles\matthew_ratcliffe.json,candidate_ready,downloaded_reference_candidate,asr_spotcheck_passed_needs_listening_review,AudioTranscription/sources/raw/matthew_ratcliffe/offerings_162186189.mp3,https://podcast.app/offerings-p6783028,AudioTranscription/references/matthew_ratcliffe/matthew_ratcliffe_offerings_162186189_ref_v5.wav,yes,8.800,11.500,8.8,0.000,ok,F2D7908228B04449FD8D5DC96A4DB421BFD4959495D0E584233FCDF066D4F77A,F2D7908228B04449FD8D5DC96A4DB421BFD4959495D0E584233FCDF066D4F77A,21,,source_audio_missing,warn
matthieu_koroma,Matthieu Koroma,C:\Users\cogpsy-vrlab\Documents\GitHub\ALIUS-bulletin\AudioTranscription\profiles\matthieu_koroma.json,working,,asr_spotcheck_passed_needs_listening_review,AudioTranscription/sources/raw/matthieu_koroma/kEmCbay9t1w.wav,https://www.youtube.com/watch?v=kEmCbay9t1w,AudioTranscription/references/matthieu_koroma/matthieu_koroma_youtube_kEmCbay9t1w_ref_v3.wav,yes,6.750,11.500,6.75,0.000,ok,0132C9A87BC715BA96931BC5847EA85FBD2EF8D9ED6515BAF88A52497EF36A02,0132C9A87BC715BA96931BC5847EA85FBD2EF8D9ED6515BAF88A52497EF36A02,21,,source_audio_missing,warn
michael_winkelman,Michael Winkelman,C:\Users\cogpsy-vrlab\Documents\GitHub\ALIUS-bulletin\AudioTranscription\profiles\michael_winkelman.json,candidate_ready,downloaded_reference_candidate,asr_spotcheck_passed_needs_listening_review,AudioTranscription/sources/raw/michael_winkelman/C297m3el6yo.webm,https://www.youtube.com/watch?v=C297m3el6yo,AudioTranscription/references/michael_winkelman/michael_winkelman_youtube_C297m3el6yo_ref_v2.wav,yes,8.900,11.500,8.9,0.000,ok,1C952677E53A8417A41EC208E302612C05F72FB8E923DEEC32CE74182B8B2784,1C952677E53A8417A41EC208E302612C05F72FB8E923DEEC32CE74182B8B2784,25,,source_audio_missing,warn
monima_chadha,Monima Chadha,C:\Users\cogpsy-vrlab\Documents\GitHub\ALIUS-bulletin\AudioTranscription\profiles\monima_chadha.json,candidate_ready,downloaded_reference_candidate,asr_spotcheck_passed,AudioTranscription/sources/raw/monima_chadha/tAd5oRWYwWY.webm,https://www.youtube.com/watch?v=tAd5oRWYwWY,AudioTranscription/references/monima_chadha/monima_chadha_youtube_tAd5oRWYwWY_ref_v4.wav,yes,7.480,11.500,7.48,0.000,ok,AEAAB4FB69A53488A290D3F2F43846ECF310AC56F186354E5E0A1058AEF38815,AEAAB4FB69A53488A290D3F2F43846ECF310AC56F186354E5E0A1058AEF38815,21,,source_audio_missing,warn
olivia_carter,Olivia Carter,C:\Users\cogpsy-vrlab\Documents\GitHub\ALIUS-bulletin\AudioTranscription\profiles\olivia_carter.json,candidate_ready,downloaded_reference_candidate,asr_spotcheck_passed,AudioTranscription/sources/raw/olivia_carter/s-Y_9oxxBj8.webm,https://www.youtube.com/watch?v=s-Y_9oxxBj8,AudioTranscription/references/olivia_carter/olivia_carter_youtube_s-Y_9oxxBj8_ref_v2.wav,yes,8.000,11.500,8,0.000,ok,F32E379768B0054F56F44B6D0DDC23069EC048AA0E7156BABD64F5F325FCE5BB,F32E379768B0054F56F44B6D0DDC23069EC048AA0E7156BABD64F5F325FCE5BB,18,,source_audio_missing,warn
olivia_gosseries,Olivia Gosseries,C:\Users\cogpsy-vrlab\Documents\GitHub\ALIUS-bulletin\AudioTranscription\profiles\olivia_gosseries.json,candidate_ready,downloaded_reference_candidate,asr_spotcheck_passed,AudioTranscription/sources/raw/olivia_gosseries/Jmp_X82dIyk.webm,https://www.youtube.com/watch?v=Jmp_X82dIyk,AudioTranscription/references/olivia_gosseries/olivia_gosseries_youtube_Jmp_X82dIyk_ref_v2.wav,yes,7.820,11.500,7.82,0.000,ok,293995F4C92209378A5607E264FF6BDE11E318C4380B22D7909E3B98F220C9EF,293995F4C92209378A5607E264FF6BDE11E318C4380B22D7909E3B98F220C9EF,22,,source_audio_missing,warn
raphael_milliere,Raphael Milliere,C:\Users\cogpsy-vrlab\Documents\GitHub\ALIUS-bulletin\AudioTranscription\profiles\raphael_milliere.json,candidate_ready,downloaded_reference_candidate,asr_spotcheck_passed,AudioTranscription/sources/raw/raphael_milliere/Q3MCTZ1P_J0.webm,https://www.youtube.com/watch?v=Q3MCTZ1P_J0,AudioTranscription/references/raphael_milliere/raphael_milliere_youtube_Q3MCTZ1P_J0_ref_v3.wav,yes,7.350,11.500,7.35,0.000,ok,84EF6628C5DB12BA9BBCCD5888D7DC354796EB30569D946BE0F1D4101AA0AB7E,84EF6628C5DB12BA9BBCCD5888D7DC354796EB30569D946BE0F1D4101AA0AB7E,19,,source_audio_missing,warn
rebecca_seligman,Rebecca Seligman,C:\Users\cogpsy-vrlab\Documents\GitHub\ALIUS-bulletin\AudioTranscription\profiles\rebecca_seligman.json,candidate_ready,downloaded_reference_candidate,asr_spotcheck_passed,AudioTranscription/sources/raw/rebecca_seligman/wfrKnnuTF2c.webm,https://www.youtube.com/watch?v=wfrKnnuTF2c,AudioTranscription/references/rebecca_seligman/rebecca_seligman_youtube_wfrKnnuTF2c_ref_v2.wav,yes,8.310,11.500,8.31,0.000,ok,9B22E1CC9C18117C58643BB4B40E044EAB53A087CFC6751EB72FDC00DB991326,9B22E1CC9C18117C58643BB4B40E044EAB53A087CFC6751EB72FDC00DB991326,22,,source_audio_missing,warn
robert_sapolsky,Robert Sapolsky,C:\Users\cogpsy-vrlab\Documents\GitHub\ALIUS-bulletin\AudioTranscription\profiles\robert_sapolsky.json,candidate_ready,downloaded_reference_candidate,asr_spotcheck_passed,AudioTranscription/sources/raw/robert_sapolsky/7htlm3DQ_so.webm,https://www.youtube.com/watch?v=7htlm3DQ_so,AudioTranscription/references/robert_sapolsky/robert_sapolsky_youtube_7htlm3DQ_so_ref_v3.wav,yes,10.250,11.500,10.25,0.000,ok,1C04AFD054B31C7FDFD0B26C8618186F2E953A6A45BF9FC5667FC107A00EC79F,1C04AFD054B31C7FDFD0B26C8618186F2E953A6A45BF9FC5667FC107A00EC79F,28,,source_audio_missing,warn
robin_carhart_harris,Robin Carhart-Harris,C:\Users\cogpsy-vrlab\Documents\GitHub\ALIUS-bulletin\AudioTranscription\profiles\robin_carhart_harris.json,candidate_ready,downloaded_reference_candidate,asr_spotcheck_passed_needs_listening_review,AudioTranscription/sources/raw/robin_carhart_harris/7jY4c2sNWUc.webm,https://www.youtube.com/watch?v=7jY4c2sNWUc,AudioTranscription/references/robin_carhart_harris/robin_carhart_harris_youtube_7jY4c2sNWUc_ref_v2.wav,yes,6.000,11.500,6.0,0.000,ok,5DFDF59664A451D4F55BDED91098F92EAC5395849B38033654E98D9522DDBB2C,5DFDF59664A451D4F55BDED91098F92EAC5395849B38033654E98D9522DDBB2C,12,,source_audio_missing,warn
simon_mccarthy_jones,Simon McCarthy-Jones,C:\Users\cogpsy-vrlab\Documents\GitHub\ALIUS-bulletin\AudioTranscription\profiles\simon_mccarthy_jones.json,candidate_ready,downloaded_reference_candidate,asr_spotcheck_passed_needs_listening_review,AudioTranscription/sources/raw/simon_mccarthy_jones/Oj6T-PuYWuk.webm,https://www.youtube.com/watch?v=Oj6T-PuYWuk,AudioTranscription/references/simon_mccarthy_jones/simon_mccarthy_jones_youtube_Oj6T-PuYWuk_ref_v3.wav,yes,8.800,11.500,8.8,0.000,ok,45E2757ECE7254E731D3A87EC5BE76F3C14D5BFD9D71640C9ED08214F21B61D3,45E2757ECE7254E731D3A87EC5BE76F3C14D5BFD9D71640C9ED08214F21B61D3,20,,source_audio_missing,warn
steven_jillings,Steven Jillings,C:\Users\cogpsy-vrlab\Documents\GitHub\ALIUS-bulletin\AudioTranscription\profiles\steven_jillings.json,candidate_ready,downloaded_reference_candidate,asr_spotcheck_passed,AudioTranscription/sources/raw/steven_jillings/nut7JZ-FV2w.webm,https://www.youtube.com/watch?v=nut7JZ-FV2w,AudioTranscription/references/steven_jillings/steven_jillings_youtube_nut7JZ-FV2w_ref_v3.wav,yes,6.400,11.500,6.4,0.000,ok,EB3B1F7294DA7F3A77CCD67661FBA451D04221FB4858E7346FD1BF5E6F7E294B,EB3B1F7294DA7F3A77CCD67661FBA451D04221FB4858E7346FD1BF5E6F7E294B,19,,source_audio_missing,warn
tanya_luhrmann,Tanya Luhrmann,C:\Users\cogpsy-vrlab\Documents\GitHub\ALIUS-bulletin\AudioTranscription\profiles\tanya_luhrmann.json,candidate_ready,downloaded_reference_candidate,asr_spotcheck_passed_needs_listening_review,AudioTranscription/sources/raw/tanya_luhrmann/GWrxx2HLEis.webm,https://www.youtube.com/watch?v=GWrxx2HLEis,AudioTranscription/references/tanya_luhrmann/tanya_luhrmann_youtube_GWrxx2HLEis_ref_v3.wav,yes,10.700,11.500,10.7,0.000,ok,F5917C9A588CA5231B51E0B502345AFE6FD9E7A88030C900255E25598740A107,F5917C9A588CA5231B51E0B502345AFE6FD9E7A88030C900255E25598740A107,33,,source_audio_missing,warn
thomas_metzinger,Thomas Metzinger,C:\Users\cogpsy-vrlab\Documents\GitHub\ALIUS-bulletin\AudioTranscription\profiles\thomas_metzinger.json,candidate_ready,downloaded_reference_candidate,asr_spotcheck_passed,AudioTranscription/sources/raw/thomas_metzinger/4vXBcXtcXK4.webm,https://www.youtube.com/watch?v=4vXBcXtcXK4,AudioTranscription/references/thomas_metzinger/thomas_metzinger_youtube_4vXBcXtcXK4_ref_v2.wav,yes,7.000,11.500,7.0,0.000,ok,15BC9170D568790AC3C192738D63EE0B90E73F56CC608B75AA9DB74A8273A903,15BC9170D568790AC3C192738D63EE0B90E73F56CC608B75AA9DB74A8273A903,16,,source_audio_missing,warn
tim_bayne,Tim Bayne,C:\Users\cogpsy-vrlab\Documents\GitHub\ALIUS-bulletin\AudioTranscription\profiles\tim_bayne.json,candidate_ready,downloaded_reference_candidate,asr_spotcheck_passed,AudioTranscription/sources/raw/tim_bayne/2XfADVXGxps.webm,https://www.youtube.com/watch?v=2XfADVXGxps,AudioTranscription/references/tim_bayne/tim_bayne_youtube_2XfADVXGxps_ref_v2.wav,yes,10.000,11.500,10.0,0.000,ok,B35E8323206637F170B9EE7D7B6E89273907761F4A18175D96E6C4F94DBD6BF2,B35E8323206637F170B9EE7D7B6E89273907761F4A18175D96E6C4F94DBD6BF2,28,,source_audio_missing,warn
timo_torsten_schmidt,Timo Torsten Schmidt,C:\Users\cogpsy-vrlab\Documents\GitHub\ALIUS-bulletin\AudioTranscription\profiles\timo_torsten_schmidt.json,candidate_ready,downloaded_reference_candidate,asr_spotcheck_passed,AudioTranscription/sources/raw/timo_torsten_schmidt/F6OC4GOoPD4.webm,https://www.youtube.com/watch?v=F6OC4GOoPD4,AudioTranscription/references/timo_torsten_schmidt/timo_torsten_schmidt_youtube_F6OC4GOoPD4_ref_v2.wav,yes,8.000,11.500,8.0,0.000,ok,0BAEFFC7D0683B3464B0EAE896C22A271ECFC2E116E055CF030CA81F32FD82C8,0BAEFFC7D0683B3464B0EAE896C22A271ECFC2E116E055CF030CA81F32FD82C8,26,,source_audio_missing,warn
timothy_hanks,Timothy Hanks,C:\Users\cogpsy-vrlab\Documents\GitHub\ALIUS-bulletin\AudioTranscription\profiles\timothy_hanks.json,candidate_ready,downloaded_reference_candidate,asr_spotcheck_passed,AudioTranscription/sources/raw/timothy_hanks/qWN1a5i23R4.webm,https://www.youtube.com/watch?v=qWN1a5i23R4,AudioTranscription/references/timothy_hanks/timothy_hanks_youtube_qWN1a5i23R4_ref_v2.wav,yes,7.280,11.500,7.28,0.000,ok,2219D3DE7F11EC534819B4FC83B831F503DF6A760BD3771923AAE7697809F65C,2219D3DE7F11EC534819B4FC83B831F503DF6A760BD3771923AAE7697809F65C,24,,source_audio_missing,warn
tom_froese,Tom Froese,C:\Users\cogpsy-vrlab\Documents\GitHub\ALIUS-bulletin\AudioTranscription\profiles\tom_froese.json,working,,asr_spotcheck_passed_needs_listening_review,AudioTranscription/sources/raw/tom_froese/2UUet5TtElk.wav,https://www.youtube.com/watch?v=2UUet5TtElk,AudioTranscription/references/tom_froese/tom_froese_youtube_2UUet5TtElk_ref_v3.wav,yes,8.400,11.500,8.4,0.000,ok,731998E2048A9A15A176A1D3F4FE292964C378CB1D60EB40B127D1ECB78BCA1F,731998E2048A9A15A176A1D3F4FE292964C378CB1D60EB40B127D1ECB78BCA1F,24,,source_audio_missing,warn
zoltan_dienes,Zoltan Dienes,C:\Users\cogpsy-vrlab\Documents\GitHub\ALIUS-bulletin\AudioTranscription\profiles\zoltan_dienes.json,candidate_ready,downloaded_reference_candidate,asr_spotcheck_passed,AudioTranscription/sources/raw/zoltan_dienes/fiHKhZtsL_0.webm,https://www.youtube.com/watch?v=fiHKhZtsL_0,AudioTranscription/references/zoltan_dienes/zoltan_dienes_youtube_fiHKhZtsL_0_ref_v4.wav,yes,10.100,11.500,10.1,0.000,ok,00F4EC47934912D906B1A27B100DA7A36AF70208E7C911C56272F28CF2511BF2,00F4EC47934912D906B1A27B100DA7A36AF70208E7C911C56272F28CF2511BF2,33,,source_audio_missing,warn
